<?xml version="1.0" encoding="UTF-8"?>
<!-- Produced by Beyond Compare 4 from Scooter Software -->
<BCSessions Version="1" MinVersion="1">
	<TSessionFolder>
		<Items>
			<TSessionFolder>
				<Items>
					<TTextCompareSession Value="ft5x06.c &lt;--> gt9147.c">
						<LastModified Value="2021-06-01 13:15:52"/>
						<Specs>
							<Left Value="D:\ppq\【正点原子】阿尔法Linux开发板（A盘）-基础资料\1、例程源码\2、Linux驱动例程\23_multitouch\ft5x06.c"/>
							<Right Value="D:\ppq\【正点原子】阿尔法Linux开发板（A盘）-基础资料\1、例程源码\2、Linux驱动例程\23_multitouch\gt9147.c"/>
						</Specs>
					</TTextCompareSession>
					<TDirCompareSession Value="src &lt;--> local_scene">
						<LastModified Value="2021-05-10 17:00:13"/>
						<Specs>
							<Left Value="D:\virtulpath\hydevicemanagesdk_scene\src"/>
							<Right Value="D:\virtulpath\local_scene"/>
						</Specs>
					</TDirCompareSession>
					<TTextCompareSession Value="U2_1KeySwitch_TYZB01_mq6qwmfy.cfg">
						<LastModified Value="2021-05-10 09:27:38"/>
						<Specs>
							<Left Value="D:\virtulpath\U2_1KeySwitch_TYZB01_mq6qwmfy.cfg"/>
							<Right Value="C:\Users\ppq\Desktop\U2_1KeySwitch_TYZB01_mq6qwmfy.cfg"/>
						</Specs>
					</TTextCompareSession>
					<TTextCompareSession Value="myiic.c">
						<LastModified Value="2020-03-11 20:39:19"/>
						<Specs>
							<Left Value="C:\Users\pangp\Desktop\实验23 IIC实验\HARDWARE\IIC\myiic.c"/>
							<Right Value="C:\Users\pangp\Desktop\stm\HEIMANN_IIC _F103\HARDWARE\IIC\myiic.c"/>
						</Specs>
					</TTextCompareSession>
				</Items>
			</TSessionFolder>
		</Items>
	</TSessionFolder>
</BCSessions>
