<?xml version="1.0" encoding="UTF-8"?>
<!-- Produced by Beyond Compare 4 from Scooter Software -->
<BCState Version="1" MinVersion="1">
	<TBcState>
		<BrowseUseProfile Value="False"/>
		<FirstStartup Value="False"/>
		<FormPositions>
			<TViewFrame Value="245;228;2421;1520;3;192"/>
		</FormPositions>
	</TBcState>
	<TDirCompareState>
		<LeftMRUSpecs>
			<_0 Value="D:\virtulpath\hydevicemanagesdk_scene\src"/>
			<_1 Value="C:\Users\Administrator\Desktop\18112910(BA接口盒 C3)\2019.01.15 程序JZXZ3R1B_BA_V4.0\JZXZ3R1B-U701-U100"/>
			<_2 Value="C:\Users\Administrator\Desktop\南宁\JZXZ3R1B-U701-U1001\JZXZ3R1B-U701-U100"/>
		</LeftMRUSpecs>
		<LogHeight Value="0"/>
		<RightMRUSpecs>
			<_0 Value="D:\virtulpath\local_scene"/>
			<_1 Value="C:\Users\Administrator\Desktop\南宁\JZXZ3R1B-U701-U1001\JZXZ3R1B-U701-U100"/>
			<_2 Value="C:\Users\Administrator\Desktop\南宁\JZXZ3R1B-U701-U1001"/>
			<_3 Value="C:\Users\Administrator\Desktop\南宁\JZXZ3R1B_BA_V4.0\JZXZ3R1B-U701-U100"/>
		</RightMRUSpecs>
		<ShowToolbar Value="False"/>
	</TDirCompareState>
	<THomeState>
		<SessionType Value="TTextCompareSession"/>
	</THomeState>
	<TTextCompareState>
		<LeftMRUSpecs>
			<_0 Value="D:\ppq\【正点原子】阿尔法Linux开发板（A盘）-基础资料\1、例程源码\2、Linux驱动例程\23_multitouch\ft5x06.c"/>
			<_1 Value="D:\virtulpath\hydevicemanagesdk_scene\src\tool.c"/>
			<_2 Value="D:\virtulpath\hydevicemanagesdk_scene\src\timer.h"/>
			<_3 Value="D:\virtulpath\hydevicemanagesdk_scene\src\scene_sync.h"/>
			<_4 Value="D:\virtulpath\hydevicemanagesdk_scene\src\scene_sync.c"/>
			<_5 Value="D:\virtulpath\hydevicemanagesdk_scene\src\scene_list.h"/>
			<_6 Value="D:\virtulpath\hydevicemanagesdk_scene\src\scene_list.c"/>
			<_7 Value="D:\virtulpath\hydevicemanagesdk_scene\src\scene.c"/>
			<_8 Value="D:\virtulpath\hydevicemanagesdk_scene\src\ptr_hash.h"/>
		</LeftMRUSpecs>
		<MRUFonts>
			<_0 Value="Consolas;10"/>
		</MRUFonts>
		<RightMRUSpecs>
			<_0 Value="D:\ppq\【正点原子】阿尔法Linux开发板（A盘）-基础资料\1、例程源码\2、Linux驱动例程\23_multitouch\gt9147.c"/>
			<_1 Value="D:\virtulpath\local_scene\tool.c"/>
			<_2 Value="D:\virtulpath\local_scene\scene_sync.h"/>
			<_3 Value="D:\virtulpath\local_scene\scene_sync.c"/>
			<_4 Value="D:\virtulpath\local_scene\scene_list.h"/>
			<_5 Value="D:\virtulpath\local_scene\scene_list.c"/>
			<_6 Value="D:\virtulpath\local_scene\scene.c"/>
			<_7 Value="D:\virtulpath\local_scene\ptr_hash.h"/>
			<_8 Value="D:\virtulpath\local_scene\ptr_hash.c"/>
		</RightMRUSpecs>
	</TTextCompareState>
</BCState>
